INSERT INTO floor(floor_no, floor_geojson) VALUES(1, "floor1.json");
INSERT INTO floor(floor_no, floor_geojson) VALUES(2, "floor2.json");
INSERT INTO floor(floor_no, floor_geojson) VALUES(3, "floor3.json");

INSERT INTO room(name, floor_id) VALUES("S101 Auditorium/Seminar Room", 1);
INSERT INTO room(name, floor_id) VALUES("S102 CiTech - Industry Transfer", 1);
INSERT INTO room(name, floor_id) VALUES("S103 CiTech - Project Engineers", 1);
INSERT INTO room(name, floor_id) VALUES("S120 Project Lab", 1);
INSERT INTO room(name, floor_id) VALUES("S120A Technical Support", 1);
INSERT INTO room(name, floor_id) VALUES("S121 The Couch", 1);
INSERT INTO room(name, floor_id) VALUES("S122A Project Lab", 1);
INSERT INTO room(name, floor_id) VALUES("S122B Undergrad Project Lab", 1);
INSERT INTO room(name, floor_id) VALUES("S122C Undergrad Project Lab", 1);
INSERT INTO room(name, floor_id) VALUES("S122D MSc Students Lab", 1);
INSERT INTO room(name, floor_id) VALUES("S122E Coffee Corner", 1);
INSERT INTO room(name, floor_id) VALUES("S201 Secretariat & IT Management", 2);
INSERT INTO room(name, floor_id) VALUES("S202", 2);
INSERT INTO room(name, floor_id) VALUES("S203 Kitchen", 2);
INSERT INTO room(name, floor_id) VALUES("S204", 2);
INSERT INTO room(name, floor_id) VALUES("S205 Cafeteria", 2);
INSERT INTO room(name, floor_id) VALUES("S206 Visitor Researchers", 2);
INSERT INTO room(name, floor_id) VALUES("S207 PhD Students Lab", 2);
INSERT INTO room(name, floor_id) VALUES("S207A", 2);
INSERT INTO room(name, floor_id) VALUES("S208", 2);
INSERT INTO room(name, floor_id) VALUES("S209 PhD Students Lab", 2);
INSERT INTO room(name, floor_id) VALUES("S210 PhD Students Lab", 2);
INSERT INTO room(name, floor_id) VALUES("S210A", 2);
INSERT INTO room(name, floor_id) VALUES("S211 Meeting Room", 2);
INSERT INTO room(name, floor_id) VALUES("S212 PhD Students Lab", 2);
INSERT INTO room(name, floor_id) VALUES("S212A", 2);
INSERT INTO room(name, floor_id) VALUES("S213", 2);
INSERT INTO room(name, floor_id) VALUES("S213A Prayer Room", 2);
INSERT INTO room(name, floor_id) VALUES("S213B Meeting Room", 2);
INSERT INTO room(name, floor_id) VALUES("S301 Library/PhD Student Classroom", 3);
INSERT INTO room(name, floor_id) VALUES("S302 BoD Meeting Room", 3);
INSERT INTO room(name, floor_id) VALUES("S303", 3);
INSERT INTO room(name, floor_id) VALUES("S304", 3);
INSERT INTO room(name, floor_id) VALUES("S306", 3);
INSERT INTO room(name, floor_id) VALUES("S307", 3);
INSERT INTO room(name, floor_id) VALUES("S308 Meeting Room", 3);
INSERT INTO room(name, floor_id) VALUES("S310", 3);
INSERT INTO room(name, floor_id) VALUES("S311", 3);
INSERT INTO room(name, floor_id) VALUES("S312", 3);
INSERT INTO room(name, floor_id) VALUES("S314", 3);
INSERT INTO room(name, floor_id) VALUES("S315", 3);
INSERT INTO room(name, floor_id) VALUES("S316", 3);
INSERT INTO room(name, floor_id) VALUES("S321 Data Centre", 3);

INSERT INTO mote(mote_id, room_id) VALUES("IE0032G", 1);
INSERT INTO mote(mote_id, room_id) VALUES("IE0033G", 1);
