USE monitor;

INSERT INTO floor (floor_no, floor_geojson) VALUES (1, "floor1.json");
INSERT INTO floor (floor_no, floor_geojson) VALUES (2, "floor2.json");
INSERT INTO floor (floor_no, floor_geojson) VALUES (3, "floor3.json");

INSERT INTO room (name, short_name, floor_id) VALUES ("S101 Auditorium/Seminar Room", "S101", 1);
INSERT INTO room (name, short_name, floor_id) VALUES ("S102 CiTech - Industry Transfer", "S102", 1);
INSERT INTO room (name, short_name, floor_id) VALUES ("S103 CiTech - Project Engineers", "S103", 1);
INSERT INTO room (name, short_name, floor_id) VALUES ("S120 Project Lab", "S120", 1);
INSERT INTO room (name, short_name, floor_id) VALUES ("S120A Technical Support", "S120A", 1);
INSERT INTO room (name, short_name, floor_id) VALUES ("S121 The Couch", "S121", 1);
INSERT INTO room (name, short_name, floor_id) VALUES ("S122A Project Lab", "S122A", 1);
INSERT INTO room (name, short_name, floor_id) VALUES ("S122B Undergrad Project Lab", "S122B", 1);
INSERT INTO room (name, short_name, floor_id) VALUES ("S122C Undergrad Project Lab", "S122C", 1);
INSERT INTO room (name, short_name, floor_id) VALUES ("S122D MSc Students Lab", "S122D", 1);
INSERT INTO room (name, short_name, floor_id) VALUES ("S122E Coffee Corner", "S122E", 1);
INSERT INTO room (name, short_name, floor_id) VALUES ("S201 Secretariat & IT Management", "S201", 2);
INSERT INTO room (name, short_name, floor_id) VALUES ("S202", "S202", 2);
INSERT INTO room (name, short_name, floor_id) VALUES ("S203 Kitchen", "S203", 2);
INSERT INTO room (name, short_name, floor_id) VALUES ("S204", "S204", 2);
INSERT INTO room (name, short_name, floor_id) VALUES ("S205 Cafeteria", "S205", 2);
INSERT INTO room (name, short_name, floor_id) VALUES ("S206 Visitor Researchers", "S206", 2);
INSERT INTO room (name, short_name, floor_id) VALUES ("S207 PhD Students Lab", "S207", 2);
INSERT INTO room (name, short_name, floor_id) VALUES ("S207A", "S207A", 2);
INSERT INTO room (name, short_name, floor_id) VALUES ("S208", "S208", 2);
INSERT INTO room (name, short_name, floor_id) VALUES ("S209 PhD Students Lab", "S209", 2);
INSERT INTO room (name, short_name, floor_id) VALUES ("S210 PhD Students Lab", "S210", 2);
INSERT INTO room (name, short_name, floor_id) VALUES ("S210A", "S210A", 2);
INSERT INTO room (name, short_name, floor_id) VALUES ("S211 Meeting Room", "S211", 2);
INSERT INTO room (name, short_name, floor_id) VALUES ("S212 PhD Students Lab", "S212", 2);
INSERT INTO room (name, short_name, floor_id) VALUES ("S212A", "S212A", 2);
INSERT INTO room (name, short_name, floor_id) VALUES ("S213", "S213", 2);
INSERT INTO room (name, short_name, floor_id) VALUES ("S213A Prayer Room", "S213A", 2);
INSERT INTO room (name, short_name, floor_id) VALUES ("S213B Meeting Room", "S213B", 2);
INSERT INTO room (name, short_name, floor_id) VALUES ("S301 Library/PhD Student Classroom", "S301", 3);
INSERT INTO room (name, short_name, floor_id) VALUES ("S302 BoD Meeting Room", "S302", 3);
INSERT INTO room (name, short_name, floor_id) VALUES ("S303", "S303", 3);
INSERT INTO room (name, short_name, floor_id) VALUES ("S304", "S304", 3);
INSERT INTO room (name, short_name, floor_id) VALUES ("S306", "S306", 3);
INSERT INTO room (name, short_name, floor_id) VALUES ("S307", "S307", 3);
INSERT INTO room (name, short_name, floor_id) VALUES ("S308 Meeting Room", "S308", 3);
INSERT INTO room (name, short_name, floor_id) VALUES ("S310", "S310", 3);
INSERT INTO room (name, short_name, floor_id) VALUES ("S311", "S311", 3);
INSERT INTO room (name, short_name, floor_id) VALUES ("S312", "S312", 3);
INSERT INTO room (name, short_name, floor_id) VALUES ("S314", "S314", 3);
INSERT INTO room (name, short_name, floor_id) VALUES ("S315", "S315", 3);
INSERT INTO room (name, short_name, floor_id) VALUES ("S316", "S316", 3);
INSERT INTO room (name, short_name, floor_id) VALUES ("S321 Data Centre", 3);

INSERT INTO mote (node_id, mote_id, room_id) VALUES (1, "XM000031", 1);
INSERT INTO mote (node_id, mote_id, room_id) VALUES (2, "FT0QXA43", 1);
INSERT INTO mote (node_id, mote_id, room_id) VALUES (3, "FT0QX9WI", 1);
INSERT INTO mote (node_id, mote_id, room_id) VALUES (4, "FT0QX9VE", 1);
INSERT INTO mote (node_id, mote_id, room_id) VALUES (5, "FT0QXA56", 1);
